1,Toy Story (1995),Adventure|Animation|Children|Comedy|Fantasy,Adventure
2,Jumanji (1995),Adventure|Children|Fantasy,Adventure
3,Grumpier Old Men (1995),Comedy|Romance,Adventure
4,Waiting to Exhale (1995),Comedy|Drama|Romance,Adventure
5,Father of the Bride Part II (1995),Comedy,Adventure
6,Heat (1995),Action|Crime|Thriller,Adventure
7,Sabrina (1995),Comedy|Romance,Adventure
8,Tom and Huck (1995),Adventure|Children,Adventure
9,Sudden Death (1995),Action,Adventure
10,GoldenEye (1995),Action|Adventure|Thriller,Adventure
11,"American President, The (1995)",Adventure
12,Dracula: Dead and Loving It (1995),Comedy|Horror,Adventure
13,Balto (1995),Adventure|Animation|Children,Adventure
14,Nixon (1995),Drama,Adventure
15,Cutthroat Island (1995),Action|Adventure|Romance,Adventure
16,Casino (1995),Crime|Drama,Adventure
17,Sense and Sensibility (1995),Drama|Romance,Adventure
18,Four Rooms (1995),Comedy,Adventure
19,Ace Ventura: When Nature Calls (1995),Comedy,Adventure
20,Money Train (1995),Action|Comedy|Crime|Drama|Thriller,Adventure
21,Get Shorty (1995),Comedy|Crime|Thriller,Adventure
22,Copycat (1995),Crime|Drama|Horror|Mystery|Thriller,Adventure
23,Assassins (1995),Action|Crime|Thriller,Adventure
24,Powder (1995),Drama|Sci-Fi,Adventure
25,Leaving Las Vegas (1995),Drama|Romance,Adventure
26,Othello (1995),Drama,Adventure
27,Now and Then (1995),Children|Drama,Adventure
28,Persuasion (1995),Drama|Romance,Adventure
29,"City of Lost Children, The (Cité des enfants perdus,Adventure
30,Shanghai Triad (Yao a yao yao dao waipo qiao) (1995),Crime|Drama,Adventure
31,Dangerous Minds (1995),Drama,Adventure
32,Twelve Monkeys (a.k.a. 12 Monkeys) (1995),Mystery|Sci-Fi|Thriller,Adventure
33,Wings of Courage (1995),Adventure|Romance|IMAX,Adventure
34,Babe (1995),Children|Drama,Adventure
35,Carrington (1995),Drama|Romance,Adventure
36,Dead Man Walking (1995),Crime|Drama,Adventure
37,Across the Sea of Time (1995),Documentary|IMAX,Adventure
38,It Takes Two (1995),Children|Comedy,Adventure
39,Clueless (1995),Comedy|Romance,Adventure
40,"Cry, the Beloved Country (1995)",Adventure
41,Richard III (1995),Drama|War,Adventure
42,Dead Presidents (1995),Action|Crime|Drama,Adventure
43,Restoration (1995),Drama,Adventure
44,Mortal Kombat (1995),Action|Adventure|Fantasy,Adventure
45,To Die For (1995),Comedy|Drama|Thriller,Adventure
46,How to Make an American Quilt (1995),Drama|Romance,Adventure
47,Seven (a.k.a. Se7en) (1995),Mystery|Thriller,Adventure
48,Pocahontas (1995),Animation|Children|Drama|Musical|Romance,Adventure
49,When Night Is Falling (1995),Drama|Romance,Adventure
50,"Usual Suspects, The (1995)",Adventure
51,Guardian Angel (1994),Action|Drama|Thriller,Adventure
52,Mighty Aphrodite (1995),Comedy|Drama|Romance,Adventure
53,Lamerica (1994),Adventure|Drama,Adventure
54,"Big Green, The (1995)",Adventure
55,Georgia (1995),Drama,Adventure
56,Kids of the Round Table (1995),Adventure|Children|Comedy|Fantasy,Adventure
57,Home for the Holidays (1995),Drama,Adventure
58,"Postman, The (Postino,Adventure
59,"Confessional, The (Confessionnal,Adventure
60,"Indian in the Cupboard, The (1995)",Adventure
61,Eye for an Eye (1996),Drama|Thriller,Adventure
62,'Mr. Holland''s Opus (1995)',Drama,Adventure
63,'Don''t Be a Menace to South Central While Drinking Your Juice in the Hood (1996)',Comedy|Crime,Adventure
64,Two if by Sea (1996),Comedy|Romance,Adventure
65,Bio-Dome (1996),Comedy,Adventure
66,Lawnmower Man 2: Beyond Cyberspace (1996),Action|Sci-Fi|Thriller,Adventure
67,Two Bits (1995),Drama,Adventure
68,French Twist (Gazon maudit) (1995),Comedy|Romance,Adventure
69,Friday (1995),Comedy,Adventure
70,From Dusk Till Dawn (1996),Action|Comedy|Horror|Thriller,Adventure
71,Fair Game (1995),Action,Adventure
72,Kicking and Screaming (1995),Comedy|Drama,Adventure
73,"Misérables, Les (1995)",Adventure
74,Bed of Roses (1996),Drama|Romance,Adventure
75,Big Bully (1996),Comedy|Drama,Adventure
76,Screamers (1995),Action|Sci-Fi|Thriller,Adventure
77,Nico Icon (1995),Documentary,Adventure
78,"Crossing Guard, The (1995)",Adventure
79,"Juror, The (1996)",Adventure
80,"White Balloon, The (Badkonake sefid) (1995)",Adventure
81,'Things to Do in Denver When You''re Dead (1995)',Crime|Drama|Romance,Adventure
82,'Antonia''s Line (Antonia) (1995)',Comedy|Drama,Adventure
83,Once Upon a Time... When We Were Colored (1995),Drama|Romance,Adventure
84,Last Summer in the Hamptons (1995),Comedy|Drama,Adventure
85,Angels and Insects (1995),Drama|Romance,Adventure
86,White Squall (1996),Action|Adventure|Drama,Adventure
87,Dunston Checks In (1996),Children|Comedy,Adventure
88,Black Sheep (1996),Comedy,Adventure
89,Nick of Time (1995),Action|Thriller,Adventure
90,The Journey of August King (1995),Drama,Adventure
92,Mary Reilly (1996),Drama|Horror|Thriller,Adventure
93,Vampire in Brooklyn (1995),Comedy|Horror|Romance,Adventure
94,Beautiful Girls (1996),Comedy|Drama|Romance,Adventure
95,Broken Arrow (1996),Action|Adventure|Thriller,Adventure
96,In the Bleak Midwinter (1995),Comedy|Drama,Adventure
97,"Hate (Haine, La) (1995)",Adventure
98,Shopping (1994),Action|Thriller,Adventure
99,Heidi Fleiss: Hollywood Madam (1995),Documentary,Adventure
100,City Hall (1996),Drama|Thriller,Adventure
101,Bottle Rocket (1996),Adventure|Comedy|Crime|Romance,Adventure
102,Mr. Wrong (1996),Comedy,Adventure
103,Unforgettable (1996),Mystery|Sci-Fi|Thriller,Adventure
104,Happy Gilmore (1996),Comedy,Adventure
105,"Bridges of Madison County, The (1995)",Adventure
106,Nobody Loves Me (Keiner liebt mich) (1994),Comedy|Drama,Adventure
107,Muppet Treasure Island (1996),Adventure|Children|Comedy|Musical,Adventure
108,Catwalk (1996),Documentary,Adventure
109,Headless Body in Topless Bar (1995),Comedy|Drama|Thriller,Adventure
110,Braveheart (1995),Action|Drama|War,Adventure
111,Taxi Driver (1976),Crime|Drama|Thriller,Adventure
112,Rumble in the Bronx (Hont faan kui) (1995),Action|Adventure|Comedy|Crime,Adventure
113,Before and After (1996),Drama|Mystery,Adventure
114,'Margaret''s Museum (1995)',Drama,Adventure
115,"Happiness Is in the Field (Bonheur est dans le pré, Le) (1995)",Adventure
116,Anne Frank Remembered (1995),Documentary,Adventure
117,'"Young Poisoner''s Handbook', The (1995)",Adventure
118,If Lucy Fell (1996),Comedy|Romance,Adventure
119,"Steal Big, Steal Little (1995)",Adventure
120,Race the Sun (1996),Adventure|Comedy|Drama,Adventure
121,"Boys of St. Vincent, The (1992)",Adventure
122,Boomerang (1992),Comedy|Romance,Adventure
123,Chungking Express (Chung Hing sam lam) (1994),Drama|Mystery|Romance,Adventure
124,"Star Maker, The (Uomo delle stelle,Adventure
125,Flirting With Disaster (1996),Comedy,Adventure
126,"NeverEnding Story III, The (1994)",Adventure
127,"Silences of the Palace, The (Saimt el Qusur) (1994)",Adventure
128,'Jupiter''s Wife (1994)',Documentary,Adventure
129,Pie in the Sky (1996),Comedy|Romance,Adventure
130,Angela (1995),Drama,Adventure
131,Frankie Starlight (1995),Drama|Romance,Adventure
132,Jade (1995),Thriller,Adventure
133,Nueba Yol (1995),Comedy|Drama,Adventure
134,Sonic Outlaws (1995),Documentary,Adventure
135,Down Periscope (1996),Comedy,Adventure
136,From the Journals of Jean Seberg (1995),Documentary,Adventure
137,Man of the Year (1995),Documentary,Adventure
138,"Neon Bible, The (1995)",Adventure
139,Target (1995),Action|Drama,Adventure
140,Up Close and Personal (1996),Drama|Romance,Adventure
141,"Birdcage, The (1996)",Adventure
142,Shadows (Cienie) (1988),Drama,Adventure
143,Gospa (1995),Drama,Adventure
144,"Brothers McMullen, The (1995)",Adventure
145,Bad Boys (1995),Action|Comedy|Crime|Drama|Thriller,Adventure
146,"Amazing Panda Adventure, The (1995)",Adventure
147,"Basketball Diaries, The (1995)",Adventure
148,"Awfully Big Adventure, An (1995)",Adventure
149,Amateur (1994),Crime|Drama|Thriller,Adventure
150,Apollo 13 (1995),Adventure|Drama|IMAX,Adventure
151,Rob Roy (1995),Action|Drama|Romance|War,Adventure
152,"Addiction, The (1995)",Adventure
153,Batman Forever (1995),Action|Adventure|Comedy|Crime,Adventure
154,Beauty of the Day (Belle de jour) (1967),Drama,Adventure
155,Beyond Rangoon (1995),Adventure|Drama|War,Adventure
156,Blue in the Face (1995),Comedy|Drama,Adventure
157,Canadian Bacon (1995),Comedy|War,Adventure
158,Casper (1995),Adventure|Children,Adventure
159,Clockers (1995),Crime|Drama|Mystery,Adventure
160,Congo (1995),Action|Adventure|Mystery|Sci-Fi,Adventure
161,Crimson Tide (1995),Drama|Thriller|War,Adventure
162,Crumb (1994),Documentary,Adventure
163,Desperado (1995),Action|Romance|Western,Adventure
164,Devil in a Blue Dress (1995),Crime|Film-Noir|Mystery|Thriller,Adventure
165,Die Hard: With a Vengeance (1995),Action|Crime|Thriller,Adventure
166,"Doom Generation, The (1995)",Adventure
167,Feast of July (1995),Drama,Adventure
168,First Knight (1995),Action|Drama|Romance,Adventure
169,Free Willy 2: The Adventure Home (1995),Adventure|Children|Drama,Adventure
170,Hackers (1995),Action|Adventure|Crime|Thriller,Adventure
171,Jeffrey (1995),Comedy|Drama,Adventure
172,Johnny Mnemonic (1995),Action|Sci-Fi|Thriller,Adventure
173,Judge Dredd (1995),Action|Crime|Sci-Fi,Adventure
174,Jury Duty (1995),Comedy,Adventure
175,Kids (1995),Drama,Adventure
176,Living in Oblivion (1995),Comedy,Adventure
177,Lord of Illusions (1995),Horror,Adventure
178,Love & Human Remains (1993),Comedy|Drama,Adventure
179,Mad Love (1995),Drama|Romance,Adventure
180,Mallrats (1995),Comedy|Romance,Adventure
181,Mighty Morphin Power Rangers: The Movie (1995),Action|Children,Adventure
182,Moonlight and Valentino (1995),Drama|Romance,Adventure
183,Mute Witness (1994),Comedy|Horror|Thriller,Adventure
184,Nadja (1994),Drama,Adventure
185,"Net, The (1995)",Adventure
186,Nine Months (1995),Comedy|Romance,Adventure
187,Party Girl (1995),Comedy,Adventure
188,"Prophecy, The (1995)",Adventure
189,Reckless (1995),Comedy|Fantasy,Adventure
190,Safe (1995),Thriller,Adventure
191,"Scarlet Letter, The (1995)",Adventure
192,The Show (1995),Documentary,Adventure
193,Showgirls (1995),Drama,Adventure
194,Smoke (1995),Comedy|Drama,Adventure
195,Something to Talk About (1995),Comedy|Drama|Romance,Adventure
196,Species (1995),Horror|Sci-Fi,Adventure
197,"Stars Fell on Henrietta, The (1995)",Adventure
198,Strange Days (1995),Action|Crime|Drama|Mystery|Sci-Fi|Thriller,Adventure
199,"Umbrellas of Cherbourg, The (Parapluies de Cherbourg,Adventure
200,"Tie That Binds, The (1995)",Adventure
201,Three Wishes (1995),Drama|Fantasy,Adventure
202,Total Eclipse (1995),Drama|Romance,Adventure
203,"To Wong Foo, Thanks for Everything! Julie Newmar (1995)",Adventure
204,Under Siege 2: Dark Territory (1995),Action,Adventure
205,Unstrung Heroes (1995),Comedy|Drama,Adventure
206,Unzipped (1995),Documentary,Adventure
207,"Walk in the Clouds, A (1995)",Adventure
208,Waterworld (1995),Action|Adventure|Sci-Fi,Adventure
209,'White Man''s Burden (1995)',Drama,Adventure
210,Wild Bill (1995),Western,Adventure
211,"Browning Version, The (1994)",Adventure
212,Bushwhacked (1995),Adventure|Comedy|Crime|Mystery,Adventure
213,Burnt by the Sun (Utomlyonnye solntsem) (1994),Drama,Adventure
214,Before the Rain (Pred dozhdot) (1994),Drama|War,Adventure
215,Before Sunrise (1995),Drama|Romance,Adventure
216,Billy Madison (1995),Comedy,Adventure
217,"Babysitter, The (1995)",Adventure
218,Boys on the Side (1995),Comedy|Drama,Adventure
219,"Cure, The (1995)",Adventure
220,Castle Freak (1995),Horror,Adventure
222,Circle of Friends (1995),Drama|Romance,Adventure
223,Clerks (1994),Comedy,Adventure
224,Don Juan DeMarco (1995),Comedy|Drama|Romance,Adventure
225,Disclosure (1994),Drama|Thriller,Adventure
226,Dream Man (1995),Thriller,Adventure
227,Drop Zone (1994),Action|Thriller,Adventure
228,Destiny Turns on the Radio (1995),Comedy,Adventure
229,Death and the Maiden (1994),Drama|Thriller,Adventure
230,Dolores Claiborne (1995),Drama|Thriller,Adventure
231,Dumb & Dumber (Dumb and Dumber) (1994),Adventure|Comedy,Adventure
232,Eat Drink Man Woman (Yin shi nan nu) (1994),Comedy|Drama|Romance,Adventure
233,Exotica (1994),Drama,Adventure
234,Exit to Eden (1994),Comedy,Adventure
235,Ed Wood (1994),Comedy|Drama,Adventure
236,French Kiss (1995),Action|Comedy|Romance,Adventure
237,Forget Paris (1995),Comedy|Romance,Adventure
238,Far From Home: The Adventures of Yellow Dog (1995),Adventure|Children,Adventure
239,"Goofy Movie, A (1995)",Adventure
240,Hideaway (1995),Thriller,Adventure
241,Fluke (1995),Children|Drama,Adventure
242,Farinelli: il castrato (1994),Drama|Musical,Adventure
243,Gordy (1995),Children|Comedy|Fantasy,Adventure
244,Gumby: The Movie (1995),Animation|Children,Adventure
245,The Glass Shield (1994),Crime|Drama,Adventure
246,Hoop Dreams (1994),Documentary,Adventure
247,Heavenly Creatures (1994),Crime|Drama,Adventure
248,Houseguest (1994),Comedy,Adventure
249,Immortal Beloved (1994),Drama|Romance,Adventure
250,Heavyweights (Heavy Weights) (1995),Children|Comedy,Adventure
251,"Hunted, The (1995)",Adventure
252,I.Q. (1994),Comedy|Romance,Adventure
253,Interview with the Vampire: The Vampire Chronicles (1994),Drama|Horror,Adventure
254,Jefferson in Paris (1995),Drama,Adventure
255,"Jerky Boys, The (1995)",Adventure
256,Junior (1994),Comedy|Sci-Fi,Adventure
257,Just Cause (1995),Mystery|Thriller,Adventure
258,'"Kid in King Arthur''s Court', A (1995)",Adventure
259,Kiss of Death (1995),Crime|Drama|Thriller,Adventure
260,Star Wars: Episode IV - A New Hope (1977),Action|Adventure|Sci-Fi,Adventure
261,Little Women (1994),Drama,Adventure
262,"Little Princess, A (1995)",Adventure
263,Ladybird Ladybird (1994),Drama,Adventure
264,"Enfer,' L'' (1994)"',Adventure
265,Like Water for Chocolate (Como agua para chocolate) (1992),Drama|Fantasy|Romance,Adventure
266,Legends of the Fall (1994),Drama|Romance|War|Western,Adventure
267,Major Payne (1995),Comedy,Adventure
268,Little Odessa (1994),Crime|Drama,Adventure
269,My Crazy Life (Mi vida loca) (1993),Drama,Adventure
270,Love Affair (1994),Drama|Romance,Adventure
271,Losing Isaiah (1995),Drama,Adventure
272,"Madness of King George, The (1994)",Adventure
273,'Mary Shelley''s Frankenstein (Frankenstein) (1994)',Drama|Horror|Sci-Fi,Adventure
274,Man of the House (1995),Comedy,Adventure
275,Mixed Nuts (1994),Comedy,Adventure
276,Milk Money (1994),Comedy|Romance,Adventure
277,Miracle on 34th Street (1994),Drama,Adventure
278,Miami Rhapsody (1995),Comedy,Adventure
279,My Family (1995),Drama,Adventure
280,Murder in the First (1995),Drama|Thriller,Adventure
281,'Nobody''s Fool (1994)',Comedy|Drama|Romance,Adventure
282,Nell (1994),Drama,Adventure
283,New Jersey Drive (1995),Crime|Drama,Adventure
284,New York Cop (Nyû Yôku no koppu) (1993),Action|Crime,Adventure
285,Beyond Bedlam (1993),Drama|Horror,Adventure
286,Nemesis 2: Nebula (1995),Action|Sci-Fi|Thriller,Adventure
287,Nina Takes a Lover (1994),Comedy|Romance,Adventure
288,Natural Born Killers (1994),Action|Crime|Thriller,Adventure
289,Only You (1994),Comedy|Romance,Adventure
290,Once Were Warriors (1994),Crime|Drama,Adventure
291,Poison Ivy II (1996),Drama|Thriller,Adventure
292,Outbreak (1995),Action|Drama|Sci-Fi|Thriller,Adventure
293,Léon: The Professional (a.k.a. The Professional) (Léon) (1994),Action|Crime|Drama|Thriller,Adventure
294,"Perez Family, The (1995)",Adventure
295,'"Pyromaniac''s Love Story', A (1995)",Adventure
296,Pulp Fiction (1994),Comedy|Crime|Drama|Thriller,Adventure
297,Panther (1995),Drama,Adventure
298,Pushing Hands (Tui shou) (1992),Drama,Adventure
299,Priest (1994),Drama,Adventure
300,Quiz Show (1994),Drama,Adventure
301,Picture Bride (Bijo photo) (1994),Drama|Romance,Adventure
302,"Queen Margot (Reine Margot, La) (1994)",Adventure
303,"Quick and the Dead, The (1995)",Adventure
304,Roommates (1995),Comedy|Drama,Adventure
305,Ready to Wear (Pret-A-Porter) (1994),Comedy,Adventure
306,Three Colors: Red (Trois couleurs: Rouge) (1994),Drama,Adventure
307,Three Colors: Blue (Trois couleurs: Bleu) (1993),Drama,Adventure
308,Three Colors: White (Trzy kolory: Bialy) (1994),Comedy|Drama,Adventure
309,"Red Firecracker, Green Firecracker (Pao Da Shuang Deng) (1994)",Adventure
310,Rent-a-Kid (1995),Comedy,Adventure
311,Relative Fear (1994),Horror|Thriller,Adventure
312,Stuart Saves His Family (1995),Comedy,Adventure
313,"Swan Princess, The (1994)",Adventure
314,"Secret of Roan Inish, The (1994)",Adventure
315,"Specialist, The (1994)",Adventure
316,Stargate (1994),Action|Adventure|Sci-Fi,Adventure
317,"Santa Clause, The (1994)",Adventure
318,"Shawshank Redemption, The (1994)",Adventure
319,Shallow Grave (1994),Comedy|Drama|Thriller,Adventure
320,Suture (1993),Film-Noir|Thriller,Adventure
321,Strawberry and Chocolate (Fresa y chocolate) (1993),Drama,Adventure
322,Swimming with Sharks (1995),Comedy|Drama,Adventure
324,"Sum of Us, The (1994)",Adventure
325,'National Lampoon''s Senior Trip (1995)',Comedy,Adventure
326,To Live (Huozhe) (1994),Drama,Adventure
327,Tank Girl (1995),Action|Comedy|Sci-Fi,Adventure
328,Tales from the Crypt Presents: Demon Knight (1995),Horror|Thriller,Adventure
329,Star Trek: Generations (1994),Adventure|Drama|Sci-Fi,Adventure
330,Tales from the Hood (1995),Action|Crime|Horror,Adventure
331,Tom & Viv (1994),Drama,Adventure
332,Village of the Damned (1995),Horror|Sci-Fi,Adventure
333,Tommy Boy (1995),Comedy,Adventure
334,Vanya on 42nd Street (1994),Drama,Adventure
335,Underneath (1995),Mystery|Thriller,Adventure
336,"Walking Dead, The (1995)",Adventure
337,'What''s Eating Gilbert Grape (1993)',Drama,Adventure
338,Virtuosity (1995),Action|Sci-Fi|Thriller,Adventure
339,While You Were Sleeping (1995),Comedy|Romance,Adventure
340,"War, The (1994)",Adventure
341,Double Happiness (1994),Drama,Adventure
342,'Muriel''s Wedding (1994)',Comedy,Adventure
343,"Baby-Sitters Club, The (1995)",Adventure
344,Ace Ventura: Pet Detective (1994),Comedy,Adventure
345,"Adventures of Priscilla, Queen of the Desert,Adventure
346,Backbeat (1993),Drama|Musical,Adventure
347,Bitter Moon (1992),Drama|Film-Noir|Romance,Adventure
348,Bullets Over Broadway (1994),Comedy,Adventure
349,Clear and Present Danger (1994),Action|Crime|Drama|Thriller,Adventure
350,"Client, The (1994)",Adventure
351,"Corrina, Corrina (1994)",Adventure
352,Crooklyn (1994),Comedy|Drama,Adventure
353,"Crow, The (1994)",Adventure
354,Cobb (1994),Drama,Adventure
355,"Flintstones, The (1994)",Adventure
356,Forrest Gump (1994),Comedy|Drama|Romance|War,Adventure
357,Four Weddings and a Funeral (1994),Comedy|Romance,Adventure
358,Higher Learning (1995),Drama,Adventure
359,I Like It Like That (1994),Comedy|Drama|Romance,Adventure
360,I Love Trouble (1994),Action|Comedy,Adventure
361,It Could Happen to You (1994),Comedy|Drama|Romance,Adventure
362,"Jungle Book, The (1994)",Adventure
363,"Wonderful, Horrible Life of Leni Riefenstahl,Adventure
364,"Lion King, The (1994)",Adventure
365,Little Buddha (1993),Drama,Adventure
366,'"Wes Craven''s New Nightmare (Nightmare on Elm Street Part 7: Freddy''s Finale', A) (1994)",Adventure
367,"Mask, The (1994)",Adventure
368,Maverick (1994),Adventure|Comedy|Western,Adventure
369,Mrs. Parker and the Vicious Circle (1994),Drama,Adventure
370,Naked Gun 33 1/3: The Final Insult (1994),Action|Comedy,Adventure
371,"Paper, The (1994)",Adventure
372,Reality Bites (1994),Comedy|Drama|Romance,Adventure
373,Red Rock West (1992),Thriller,Adventure
374,Richie Rich (1994),Children|Comedy,Adventure
375,Safe Passage (1994),Drama,Adventure
376,"River Wild, The (1994)",Adventure
377,Speed (1994),Action|Romance|Thriller,Adventure
378,Speechless (1994),Comedy|Romance,Adventure
379,Timecop (1994),Action|Sci-Fi|Thriller,Adventure
380,True Lies (1994),Action|Adventure|Comedy|Romance|Thriller,Adventure
381,When a Man Loves a Woman (1994),Drama|Romance,Adventure
382,Wolf (1994),Drama|Horror|Romance|Thriller,Adventure
383,Wyatt Earp (1994),Western,Adventure
384,Bad Company (1995),Action|Crime|Drama,Adventure
385,"Man of No Importance, A (1994)",Adventure
386,S.F.W. (1994),Drama,Adventure
387,"Low Down Dirty Shame, A (1994)",Adventure
388,Boys Life (1995),Drama,Adventure
389,"Colonel Chabert, Le (1994)",Adventure
390,Faster Pussycat! Kill! Kill! (1965),Action|Crime|Drama,Adventure
391,'Jason''s Lyric (1994)',Crime|Drama,Adventure
392,"Secret Adventures of Tom Thumb, The (1993)",Adventure
393,Street Fighter (1994),Action|Adventure|Fantasy,Adventure
394,Coldblooded (1995),Comedy,Adventure
395,Desert Winds (1995),Drama|Fantasy|Romance,Adventure
396,Fall Time (1995),Drama,Adventure
397,"Fear, The (1995)",Adventure
398,Frank and Ollie (1995),Documentary,Adventure
399,Girl in the Cadillac (1995),Drama,Adventure
400,Homage (1995),Drama,Adventure
401,Mirage (1995),Action|Thriller,Adventure
402,Open Season (1996),Comedy,Adventure
403,Two Crimes (Dos crímenes) (1995),Comedy|Crime|Drama,Adventure
404,Brother Minister: The Assassination of Malcolm X (1994),Documentary,Adventure
405,Highlander III: The Sorcerer (a.k.a. Highlander: The Final Dimension) (1994),Action|Fantasy,Adventure
406,Federal Hill (1994),Drama,Adventure
407,In the Mouth of Madness (1995),Horror|Thriller,Adventure
408,8 Seconds (1994),Drama,Adventure
409,Above the Rim (1994),Crime|Drama,Adventure
410,Addams Family Values (1993),Children|Comedy|Fantasy,Adventure
411,Martin Lawrence: You So Crazy (1994),Comedy|Documentary,Adventure
412,"Age of Innocence, The (1993)",Adventure
413,Airheads (1994),Comedy,Adventure
414,"Air Up There, The (1994)",Adventure
415,Another Stakeout (1993),Comedy|Thriller,Adventure
416,Bad Girls (1994),Western,Adventure
417,Barcelona (1994),Comedy|Romance,Adventure
418,Being Human (1993),Drama,Adventure
419,"Beverly Hillbillies, The (1993)",Adventure
420,Beverly Hills Cop III (1994),Action|Comedy|Crime|Thriller,Adventure
421,Black Beauty (1994),Adventure|Children|Drama,Adventure
422,Blink (1994),Thriller,Adventure
423,Blown Away (1994),Action|Thriller,Adventure
424,Blue Chips (1994),Drama,Adventure
425,Blue Sky (1994),Drama|Romance,Adventure
426,Body Snatchers (1993),Horror|Sci-Fi|Thriller,Adventure
427,Boxing Helena (1993),Drama|Mystery|Romance|Thriller,Adventure
428,"Bronx Tale, A (1993)",Adventure
429,Cabin Boy (1994),Comedy,Adventure
430,Calendar Girl (1993),Comedy|Drama,Adventure
431,'Carlito''s Way (1993)',Crime|Drama,Adventure
432,'City Slickers II: The Legend of Curly''s Gold (1994)',Adventure|Comedy|Western,Adventure
433,Clean Slate (1994),Comedy,Adventure
434,Cliffhanger (1993),Action|Adventure|Thriller,Adventure
435,Coneheads (1993),Comedy|Sci-Fi,Adventure
436,Color of Night (1994),Drama|Thriller,Adventure
437,Cops and Robbersons (1994),Comedy,Adventure
438,"Cowboy Way, The (1994)",Adventure
439,Dangerous Game (1993),Drama,Adventure
440,Dave (1993),Comedy|Romance,Adventure
441,Dazed and Confused (1993),Comedy,Adventure
442,Demolition Man (1993),Action|Adventure|Sci-Fi,Adventure
443,"Endless Summer 2, The (1994)",Adventure
444,Even Cowgirls Get the Blues (1993),Comedy|Romance,Adventure
445,Fatal Instinct (1993),Comedy,Adventure
446,Farewell My Concubine (Ba wang bie ji) (1993),Drama|Romance,Adventure
447,"Favor, The (1994)",Adventure
448,Fearless (1993),Drama,Adventure
449,Fear of a Black Hat (1994),Comedy,Adventure
450,With Honors (1994),Comedy|Drama,Adventure
451,Flesh and Bone (1993),Drama|Mystery|Romance,Adventure
452,'Widows'' Peak (1994)',Drama,Adventure
453,For Love or Money (1993),Comedy|Romance,Adventure
454,"Firm, The (1993)",Adventure
455,Free Willy (1993),Adventure|Children|Drama,Adventure
456,Fresh (1994),Crime|Drama|Thriller,Adventure
457,"Fugitive, The (1993)",Adventure
458,Geronimo: An American Legend (1993),Drama|Western,Adventure
459,"Getaway, The (1994)",Adventure
460,Getting Even with Dad (1994),Comedy,Adventure
461,Go Fish (1994),Drama|Romance,Adventure
462,"Good Man in Africa, A (1994)",Adventure
463,Guilty as Sin (1993),Crime|Drama|Thriller,Adventure
464,Hard Target (1993),Action|Adventure|Crime|Thriller,Adventure
465,Heaven & Earth (1993),Action|Drama|War,Adventure
466,Hot Shots! Part Deux (1993),Action|Comedy|War,Adventure
467,Live Nude Girls (1995),Comedy,Adventure
468,"Englishman Who Went Up a Hill But Came Down a Mountain, The (1995)",Adventure
469,"House of the Spirits, The (1993)",Adventure
470,House Party 3 (1994),Comedy,Adventure
471,"Hudsucker Proxy, The (1994)",Adventure
472,'I''ll Do Anything (1994)',Comedy|Drama,Adventure
473,In the Army Now (1994),Comedy|War,Adventure
474,In the Line of Fire (1993),Action|Thriller,Adventure
475,In the Name of the Father (1993),Drama,Adventure
476,"Inkwell, The (1994)",Adventure
477,'What''s Love Got to Do with It? (1993)',Drama|Musical,Adventure
478,Jimmy Hollywood (1994),Comedy|Crime|Drama,Adventure
479,Judgment Night (1993),Action|Crime|Thriller,Adventure
480,Jurassic Park (1993),Action|Adventure|Sci-Fi|Thriller,Adventure
481,Kalifornia (1993),Drama|Thriller,Adventure
482,Killing Zoe (1994),Crime|Drama|Thriller,Adventure
483,King of the Hill (1993),Drama,Adventure
484,Lassie (1994),Adventure|Children,Adventure
485,Last Action Hero (1993),Action|Adventure|Comedy|Fantasy,Adventure
486,Life with Mikey (1993),Comedy,Adventure
487,Lightning Jack (1994),Comedy|Western,Adventure
488,M. Butterfly (1993),Drama|Romance,Adventure
489,Made in America (1993),Comedy,Adventure
490,Malice (1993),Thriller,Adventure
491,"Man Without a Face, The (1993)",Adventure
492,Manhattan Murder Mystery (1993),Comedy|Mystery,Adventure
493,Menace II Society (1993),Action|Crime|Drama,Adventure
494,Executive Decision (1996),Action|Adventure|Thriller,Adventure
495,In the Realm of the Senses (Ai no corrida) (1976),Drama,Adventure
496,What Happened Was... (1994),Comedy|Drama|Romance|Thriller,Adventure
497,Much Ado About Nothing (1993),Comedy|Romance,Adventure
498,Mr. Jones (1993),Drama|Romance,Adventure
499,Mr. Wonderful (1993),Comedy|Romance,Adventure
500,Mrs. Doubtfire (1993),Comedy|Drama,Adventure
501,Naked (1993),Drama,Adventure
502,"Next Karate Kid, The (1994)",Adventure
503,"New Age, The (1994)",Adventure
504,No Escape (1994),Action|Drama|Sci-Fi,Thriller
505,North (1994),Comedy,Thriller
506,Orlando (1992),Drama|Fantasy|Romance,Thriller
507,"Perfect World, A (1993)",Thriller
508,Philadelphia (1993),Drama,Thriller
509,"Piano, The (1993)",Thriller
510,Poetic Justice (1993),Drama,Thriller
511,"Program, The (1993)",Thriller
512,"Puppet Masters, The (1994)",Thriller
513,Radioland Murders (1994),Comedy|Mystery|Romance,Thriller
514,"Ref, The (1994)",Thriller
515,"Remains of the Day, The (1993)",Thriller
516,Renaissance Man (1994),Comedy|Drama,Thriller
517,Rising Sun (1993),Action|Drama|Mystery,Thriller
518,"Road to Wellville, The (1994)",Thriller
519,RoboCop 3 (1993),Action|Crime|Drama|Sci-Fi|Thriller,Thriller
520,Robin Hood: Men in Tights (1993),Comedy,Thriller
521,Romeo Is Bleeding (1993),Crime|Thriller,Thriller
522,Romper Stomper (1992),Action|Drama,Thriller
523,Ruby in Paradise (1993),Drama,Thriller
524,Rudy (1993),Drama,Thriller
525,"Saint of Fort Washington, The (1993)",Thriller
526,"Savage Nights (Nuits fauves, Les) (1992)",Thriller
527,'Schindler''s List (1993)',Drama|War,Thriller
528,"Scout, The (1994)",Thriller
529,Searching for Bobby Fischer (1993),Drama,Thriller
530,Second Best (1994),Drama,Thriller
531,"Secret Garden, The (1993)",Thriller
532,Serial Mom (1994),Comedy|Crime|Horror,Thriller
533,"Shadow, The (1994)",Thriller
534,Shadowlands (1993),Drama|Romance,Thriller
535,Short Cuts (1993),Drama,Thriller
536,"Simple Twist of Fate, A (1994)",Thriller
537,Sirens (1994),Drama,Thriller
538,Six Degrees of Separation (1993),Drama,Thriller
539,Sleepless in Seattle (1993),Comedy|Drama|Romance,Thriller
540,Sliver (1993),Thriller,Thriller
541,Blade Runner (1982),Action|Sci-Fi|Thriller,Thriller
542,Son in Law (1993),Comedy|Drama|Romance,Thriller
543,So I Married an Axe Murderer (1993),Comedy|Romance|Thriller,Thriller
544,Striking Distance (1993),Action|Crime,Thriller
545,Harem (1985),Drama,Thriller
546,Super Mario Bros. (1993),Action|Adventure|Children|Comedy|Fantasy|Sci-Fi,Thriller
547,Surviving the Game (1994),Action|Adventure|Thriller,Thriller
548,Terminal Velocity (1994),Action|Mystery|Thriller,Thriller
549,Thirty-Two Short Films About Glenn Gould (1993),Drama|Musical,Thriller
550,Threesome (1994),Comedy|Romance,Thriller
551,"Nightmare Before Christmas, The (1993)",Thriller
552,"Three Musketeers, The (1993)",Thriller
553,Tombstone (1993),Action|Drama|Western,Thriller
554,Trial by Jury (1994),Crime|Drama|Thriller,Thriller
555,True Romance (1993),Crime|Thriller,Thriller
556,"War Room, The (1993)",Thriller
558,"Pagemaster, The (1994)",Thriller
559,"Paris, France (1993)",Thriller
560,"Beans of Egypt, Maine,Thriller
561,Killer (Bulletproof Heart) (1994),Drama|Thriller,Thriller
562,Welcome to the Dollhouse (1995),Comedy|Drama,Thriller
563,Germinal (1993),Drama|Romance,Thriller
564,Chasers (1994),Comedy,Thriller
565,Cronos (1993),Drama|Horror,Thriller
566,Naked in New York (1994),Comedy|Romance,Thriller
567,Kika (1993),Comedy|Drama,Thriller
568,Bhaji on the Beach (1993),Comedy|Drama,Thriller
569,Little Big League (1994),Comedy|Drama,Thriller
570,"Slingshot, The (Kådisbellan) (1993)",Thriller
571,"Wedding Gift, The (1994)",Thriller
572,Foreign Student (1994),Drama,Thriller
573,"Ciao, Professore! (Io speriamo che me la cavo) (1992)",Thriller
574,Spanking the Monkey (1994),Comedy|Drama,Thriller
575,"Little Rascals, The (1994)",Thriller
576,Fausto (1993),Comedy,Thriller
577,Andre (1994),Adventure|Children|Drama,Thriller
579,"Escort, The (Scorta,Thriller
580,Princess Caraboo (1994),Drama,Thriller
581,"Celluloid Closet, The (1995)",Thriller
582,Métisse (Café au Lait) (1993),Comedy|Drama,Thriller
583,Dear Diary (Caro Diario) (1994),Comedy|Drama,Thriller
584,'I Don''t Want to Talk About It (De eso no se habla) (1993)',Drama|Romance,Thriller
585,"Brady Bunch Movie, The (1995)",Thriller
586,Home Alone (1990),Children|Comedy,Thriller
587,Ghost (1990),Comedy|Drama|Fantasy|Romance|Thriller,Thriller
588,Aladdin (1992),Adventure|Animation|Children|Comedy|Musical,Thriller
589,Terminator 2: Judgment Day (1991),Action|Sci-Fi,Thriller
590,Dances with Wolves (1990),Adventure|Drama|Western,Thriller
591,Tough and Deadly (1995),Action|Drama|Thriller,Thriller
592,Batman (1989),Action|Crime|Thriller,Thriller
593,"Silence of the Lambs, The (1991)",Thriller
594,Snow White and the Seven Dwarfs (1937),Animation|Children|Drama|Fantasy|Musical,Thriller
595,Beauty and the Beast (1991),Animation|Children|Fantasy|Musical|Romance|IMAX,Thriller
596,Pinocchio (1940),Animation|Children|Fantasy|Musical,Thriller
597,Pretty Woman (1990),Comedy|Romance,Thriller
598,Window to Paris (Okno v Parizh) (1994),Comedy|Fantasy,Thriller
599,"Wild Bunch, The (1969)",Thriller
600,Love and a .45 (1994),Action|Comedy|Crime,Thriller
601,'"Wooden Man''s Bride', The (Yan shen) (1994)",Thriller
602,"Great Day in Harlem, A (1994)",Thriller
603,"Bye Bye, Love (1995)",Thriller
604,Criminals (1996),Documentary,Thriller
605,One Fine Day (1996),Drama|Romance,Thriller
606,Candyman: Farewell to the Flesh (1995),Fantasy|Horror,Thriller
607,Century (1993),Drama,Thriller
608,Fargo (1996),Comedy|Crime|Drama|Thriller,Thriller
609,Homeward Bound II: Lost in San Francisco (1996),Adventure|Children,Thriller
610,Heavy Metal (1981),Action|Adventure|Animation|Horror|Sci-Fi,Thriller
611,Hellraiser: Bloodline (1996),Action|Horror|Sci-Fi,Thriller
612,"Pallbearer, The (1996)",Thriller
613,Jane Eyre (1996),Drama|Romance,Thriller
614,Loaded (1994),Drama|Thriller,Thriller
615,Bread and Chocolate (Pane e cioccolata) (1973),Comedy|Drama,Thriller
616,"Aristocats, The (1970)",Thriller
617,"Flower of My Secret, The (La flor de mi secreto) (1995)",Thriller
618,Two Much (1995),Comedy|Romance,Thriller
619,Ed (1996),Comedy,Thriller
620,Scream of Stone (Cerro Torre: Schrei aus Stein) (1991),Drama,Thriller
621,My Favorite Season (1993),Drama,Thriller
623,"Modern Affair, A (1995)",Thriller
624,Condition Red (Beyond the Law) (1995),Action|Drama|Thriller,Thriller
625,Asfour Stah (1990),Drama,Thriller
626,"Thin Line Between Love and Hate, A (1996)",Thriller
627,"Last Supper, The (1995)",Thriller
628,Primal Fear (1996),Crime|Drama|Mystery|Thriller,Thriller
629,Rude (1995),Drama,Thriller
630,Carried Away (1996),Drama|Romance,Thriller
631,All Dogs Go to Heaven 2 (1996),Adventure|Animation|Children|Fantasy|Musical|Romance,Thriller
632,Land and Freedom (Tierra y libertad) (1995),Drama|War,Thriller
633,Denise Calls Up (1995),Comedy,Thriller
634,Theodore Rex (1995),Comedy,Thriller
635,"Family Thing, A (1996)",Thriller
636,Frisk (1995),Drama,Thriller
637,Sgt. Bilko (1996),Comedy,Thriller
638,Jack and Sarah (1995),Romance,Thriller
639,Girl 6 (1996),Comedy|Drama,Thriller
640,Diabolique (1996),Drama|Thriller,Thriller
641,"Little Indian, Big City (Un indien dans la ville) (1994)",Thriller
642,Roula (1995),Drama,Thriller
643,Peanuts - Die Bank zahlt alles (1996),Comedy,Thriller
644,Happy Weekend (1996),Comedy,Thriller
645,Nelly & Monsieur Arnaud (1995),Drama,Thriller
647,Courage Under Fire (1996),Action|Crime|Drama|War,Thriller
648,Mission: Impossible (1996),Action|Adventure|Mystery|Thriller,Thriller
649,Cold Fever (Á köldum klaka) (1995),Comedy|Drama,Thriller
650,Moll Flanders (1996),Drama,Thriller
651,"Superweib, Das (1996)",Thriller
652,"301, 302 (301/302) (1995)",Thriller
653,Dragonheart (1996),Action|Adventure|Fantasy,Thriller
654,And Nobody Weeps for Me (Und keiner weint mir nach) (1996),Drama|Romance,Thriller
655,'My Mother''s Courage (Mutters Courage) (1995)',Comedy,Thriller
656,Eddie (1996),Comedy,Thriller
657,Yankee Zulu (1994),Comedy|Drama,Thriller
658,'Billy''s Holiday (1995)',Drama|Musical,Thriller
659,Purple Noon (Plein soleil) (1960),Crime|Drama|Thriller,Thriller
660,August (1996),Drama,Thriller
661,James and the Giant Peach (1996),Adventure|Animation|Children|Fantasy|Musical,Thriller
662,Fear (1996),Thriller,Thriller
663,Kids in the Hall: Brain Candy (1996),Comedy,Thriller
664,Faithful (1996),Comedy,Thriller
665,Underground (1995),Comedy|Drama|War,Thriller
666,All Things Fair (Lust och fägring stor) (1995),Drama|Romance|War,Thriller
667,Bloodsport 2 (a.k.a. Bloodsport II: The Next Kumite) (1996),Action,Thriller
668,Song of the Little Road (Pather Panchali) (1955),Drama,Thriller
670,"World of Apu, The (Apur Sansar) (1959)",Thriller
671,Mystery Science Theater 3000: The Movie (1996),Comedy|Sci-Fi,Thriller
672,Tarantella (1995),Drama,Thriller
673,Space Jam (1996),Adventure|Animation|Children|Comedy|Fantasy|Sci-Fi,Thriller
674,Barbarella (1968),Adventure|Comedy|Sci-Fi,Thriller
675,Hostile Intentions (1994),Action|Drama|Thriller,Thriller
676,They Bite (1996),Comedy|Horror|Sci-Fi,Thriller
678,Some Folks Call It a Sling Blade (1993),Drama|Thriller,Thriller
679,"Run of the Country, The (1995)",Thriller
680,"Alphaville (Alphaville, une étrange aventure de Lemmy Caution) (1965)",Thriller
681,Coup de torchon (Clean Slate) (1981),Crime,Thriller
682,Tigrero: A Film That Was Never Made (1994),Documentary|Drama,Thriller
683,"Eye of Vichy, The (Oeil de Vichy,Thriller
684,Windows (1980),Drama,Thriller
685,'It''s My Party (1996)',Drama,Thriller
687,Country Life (1994),Drama|Romance,Thriller
688,Operation Dumbo Drop (1995),Action|Adventure|Comedy|War,Thriller
690,"Promise, The (Versprechen,Thriller
691,Mrs. Winterbourne (1996),Comedy|Romance,Thriller
692,Solo (1996),Action|Sci-Fi|Thriller,Thriller
693,Under the Domim Tree (Etz Hadomim Tafus) (1994),Drama,Thriller
694,"Substitute, The (1996)",Thriller
695,True Crime (1996),Mystery|Thriller,Thriller
696,Butterfly Kiss (1995),Drama|Thriller,Thriller
697,Feeling Minnesota (1996),Drama|Romance,Thriller
698,Delta of Venus (1995),Drama,Thriller
699,To Cross the Rubicon (1991),Drama,Thriller
700,Angus (1995),Comedy,Thriller
701,Daens (1992),Drama,Thriller
702,Faces (1968),Drama,Thriller
703,Boys (1996),Drama,Thriller
704,"Quest, The (1996)",Thriller
705,Cosi (1996),Comedy,Thriller
706,Sunset Park (1996),Drama,Thriller
707,Mulholland Falls (1996),Crime|Drama|Thriller,Thriller
708,"Truth About Cats & Dogs, The (1996)",Thriller
709,Oliver & Company (1988),Adventure|Animation|Children|Comedy|Musical,Thriller
710,Celtic Pride (1996),Comedy,Thriller
711,Flipper (1996),Adventure|Children,Thriller
712,Captives (1994),Crime|Drama|Romance|Thriller,Thriller
713,Of Love and Shadows (1994),Drama,Thriller
714,Dead Man (1995),Drama|Mystery|Western,Thriller
715,"Horseman on the Roof, The (Hussard sur le toit,Thriller
716,Switchblade Sisters (1975),Crime,Thriller
717,Mouth to Mouth (Boca a boca) (1995),Comedy,Thriller
718,"Visitors, The (Visiteurs,Thriller
719,Multiplicity (1996),Comedy,Thriller
720,Wallace & Gromit: The Best of Aardman Animation (1996),Adventure|Animation|Comedy,Thriller
721,Halfmoon (Paul Bowles - Halbmond) (1995),Drama,Thriller
722,"Haunted World of Edward D. Wood Jr., The (1996)",Thriller
723,Two Friends (1986),Drama,Thriller
724,"Craft, The (1996)",Thriller
725,"Great White Hype, The (1996)",Thriller
726,Last Dance (1996),Drama,Thriller
727,War Stories (1995),Documentary,Thriller
728,Cold Comfort Farm (1995),Comedy,Thriller
729,"Institute Benjamenta, or This Dream People Call Human Life (1995)",Thriller
730,Low Life (1994),Drama,Thriller
731,'Heaven''s Prisoners (1996)',Crime|Thriller,Thriller
732,Original Gangstas (1996),Crime,Thriller
733,"Rock, The (1996)",Thriller
734,Getting Away With Murder (1996),Comedy,Thriller
735,Cemetery Man (Dellamorte Dellamore) (1994),Horror,Thriller
736,Twister (1996),Action|Adventure|Romance|Thriller,Thriller
737,Barb Wire (1996),Action|Sci-Fi,Thriller
738,"Garçu, Le (1995)",Thriller
739,Honey Moon (Honigmond) (1996),Comedy,Thriller
741,Ghost in the Shell (Kôkaku kidôtai) (1995),Animation|Sci-Fi,Thriller
742,Thinner (1996),Horror|Thriller,Thriller
743,Spy Hard (1996),Comedy,Thriller
744,Brothers in Trouble (1995),Drama,Thriller
745,Wallace & Gromit: A Close Shave (1995),Animation|Children|Comedy,Thriller
746,Force of Evil (1948),Film-Noir,Thriller
747,"Stupids, The (1996)",Thriller
748,"Arrival, The (1996)",Thriller
749,"Man from Down Under, The (1943)",Thriller
750,Dr. Strangelove or: How I Learned to Stop Worrying and Love the Bomb (1964),Comedy|War,Thriller
751,Careful (1992),Comedy|Horror,Thriller
752,Vermont Is For Lovers (1992),Comedy|Documentary|Romance,Thriller
753,"Month by the Lake, A (1995)",Thriller
754,Gold Diggers: The Secret of Bear Mountain (1995),Adventure|Children,Thriller
755,Kim (1950),Children|Drama,Thriller
756,Carmen Miranda: Bananas Is My Business (1994),Documentary,Thriller
757,Ashes of Time (Dung che sai duk) (1994),Drama,Thriller
758,"Jar, The (Khomreh) (1992)",Thriller
759,Maya Lin: A Strong Clear Vision (1994),Documentary,Thriller
760,Stalingrad (1993),Drama|War,Thriller
761,"Phantom, The (1996)",Thriller
762,Striptease (1996),Comedy|Crime,Thriller
763,"Last of the High Kings, The (a.k.a. Summer Fling) (1996)",Thriller
764,Heavy (1995),Drama|Romance,Thriller
765,Jack (1996),Comedy|Drama,Thriller
766,I Shot Andy Warhol (1996),Drama,Thriller
767,"Grass Harp, The (1995)",Thriller
768,'Someone Else''s America (1995)',Drama,Thriller
769,Marlene Dietrich: Shadow and Light (1996),Documentary,Thriller
770,Costa Brava (1946),Drama,Thriller
771,"Life Is Rosy (a.k.a. Life Is Beautiful) (Vie est belle, La) (1987)",Thriller
772,Quartier Mozart (1992),Comedy,Thriller
773,Touki Bouki (1973),Drama,Thriller
774,'Wend Kuuni (a.k.a. God''s Gift) (1982)',Drama,Thriller
775,Spirits of the Dead (1968),Horror|Mystery,Thriller
776,Babyfever (1994),Comedy|Drama,Thriller
777,'Pharaoh''s Army (1995)',War,Thriller
778,Trainspotting (1996),Comedy|Crime|Drama,Thriller
